{
     "x_opt": [
          -0.4334932267665863,
          -0.059562720358371735,
          0.24127566814422607,
          0.5396015048027039,
          -0.47863221168518066,
          -0.2356107532978058,
          0.1649831235408783,
          0.4195525646209717,
          -0.4124677777290344,
          -0.09564229100942612,
          0.08674755692481995,
          0.5258194208145142,
          -0.49680307507514954,
          -0.25690770149230957,
          0.02613583207130432,
          0.354103684425354,
          -0.48810192942619324,
          -0.2321285605430603,
          0.21260690689086914,
          0.5351722836494446,
          -0.4765664339065552,
          -0.08640928566455841,
          0.18690496683120728,
          0.4502107501029968
     ],
     "y_opt": [
          -0.8943578600883484,
          -0.9890538454055786,
          -1.1283355951309204,
          -0.931535005569458,
          -0.53736412525177,
          -0.6887898445129395,
          -0.5747896432876587,
          -0.6849159598350525,
          -0.16089297831058502,
          -0.09556623548269272,
          -0.31832483410835266,
          -0.2556403875350952,
          0.25290098786354065,
          0.13027958571910858,
          0.3051617443561554,
          0.09520275145769119,
          0.5444042086601257,
          0.6256240606307983,
          0.5903115272521973,
          0.643090546131134,
          0.926385760307312,
          0.9082481265068054,
          1.1097462177276611,
          1.0602113008499146
     ],
     "z_opt": [
          0.0,
          0.0,
          0.0,
          0.0,
          0.0,
          0.0,
          0.0,
          0.0,
          0.0,
          0.0,
          0.0,
          0.0,
          0.0,
          0.0,
          0.0,
          0.0,
          0.0,
          0.0,
          0.0,
          0.0,
          0.0,
          0.0,
          0.0,
          0.0
     ],
     "ant_pos": [
          [
               -0.4334932267665863,
               -0.8943578600883484,
               0.0
          ],
          [
               -0.059562720358371735,
               -0.9890538454055786,
               0.0
          ],
          [
               0.24127566814422607,
               -1.1283355951309204,
               0.0
          ],
          [
               0.5396015048027039,
               -0.931535005569458,
               0.0
          ],
          [
               -0.47863221168518066,
               -0.53736412525177,
               0.0
          ],
          [
               -0.2356107532978058,
               -0.6887898445129395,
               0.0
          ],
          [
               0.1649831235408783,
               -0.5747896432876587,
               0.0
          ],
          [
               0.4195525646209717,
               -0.6849159598350525,
               0.0
          ],
          [
               -0.4124677777290344,
               -0.16089297831058502,
               0.0
          ],
          [
               -0.09564229100942612,
               -0.09556623548269272,
               0.0
          ],
          [
               0.08674755692481995,
               -0.31832483410835266,
               0.0
          ],
          [
               0.5258194208145142,
               -0.2556403875350952,
               0.0
          ],
          [
               -0.49680307507514954,
               0.25290098786354065,
               0.0
          ],
          [
               -0.25690770149230957,
               0.13027958571910858,
               0.0
          ],
          [
               0.02613583207130432,
               0.3051617443561554,
               0.0
          ],
          [
               0.354103684425354,
               0.09520275145769119,
               0.0
          ],
          [
               -0.48810192942619324,
               0.5444042086601257,
               0.0
          ],
          [
               -0.2321285605430603,
               0.6256240606307983,
               0.0
          ],
          [
               0.21260690689086914,
               0.5903115272521973,
               0.0
          ],
          [
               0.5351722836494446,
               0.643090546131134,
               0.0
          ],
          [
               -0.4765664339065552,
               0.926385760307312,
               0.0
          ],
          [
               -0.08640928566455841,
               0.9082481265068054,
               0.0
          ],
          [
               0.18690496683120728,
               1.1097462177276611,
               0.0
          ],
          [
               0.4502107501029968,
               1.0602113008499146,
               0.0
          ]
     ]
}