{
     "x_opt": [
          -0.8894021511077881,
          -0.4589923024177551,
          0.23686879873275757,
          1.014741063117981,
          -1.1768772602081299,
          -0.0850997045636177,
          0.5920655131340027,
          1.1269303560256958,
          -1.0727341175079346,
          -0.5380065441131592,
          0.2853934168815613,
          1.0426112413406372,
          -0.8366868495941162,
          -0.22943779826164246,
          0.1840069591999054,
          1.1521830558776855,
          -0.9764446020126343,
          -0.47217458486557007,
          0.5467149019241333,
          0.9111858606338501,
          -1.1588528156280518,
          -0.25198978185653687,
          0.22597813606262207,
          1.0625241994857788
     ],
     "y_opt": [
          -1.1563825607299805,
          -0.8984853029251099,
          -1.0558942556381226,
          -1.1564708948135376,
          -0.7074201703071594,
          -0.6646538972854614,
          -0.6496394276618958,
          -0.7059926986694336,
          -0.09720659255981445,
          -0.4060799777507782,
          -0.2183769941329956,
          -0.09389536082744598,
          0.3692933917045593,
          0.21508844196796417,
          0.29633548855781555,
          0.13819056749343872,
          0.7198185920715332,
          0.5710331797599792,
          0.7207618951797485,
          0.6318225264549255,
          1.083505392074585,
          1.1383693218231201,
          0.9634735584259033,
          0.9458903670310974
     ],
     "z_opt": [
          0.002103745471686125,
          -0.0021584643982350826,
          0.001747669535689056,
          0.0010532500455155969,
          -0.0015607369132339954,
          0.000190877472050488,
          0.0007984080584719777,
          0.0015561130130663514,
          0.004058299586176872,
          -0.0011315742740407586,
          0.0008866235730238259,
          -0.0012901592999696732,
          0.00018589914543554187,
          -0.002873466582968831,
          -0.0005138542619533837,
          -0.0006458709831349552,
          0.0002657318254932761,
          0.00045148516073822975,
          -0.0023159270640462637,
          -0.00034943321952596307,
          -0.0016249367035925388,
          0.0015005816239863634,
          0.0009838258847594261,
          -0.001318097347393632
     ]
}