{
     "x_opt": [
          -0.40641266107559204,
          -0.10185489803552628,
          0.25138434767723083,
          0.5076214671134949,
          -0.5283656716346741,
          -0.1853712499141693,
          0.11469200998544693,
          0.40475964546203613,
          -0.3956232964992523,
          -0.10554463416337967,
          0.16343770921230316,
          0.42671075463294983,
          -0.5660913586616516,
          -0.22048527002334595,
          0.10019116848707199,
          0.5595971941947937,
          -0.3897731900215149,
          -0.11050138622522354,
          0.14198419451713562,
          0.568493664264679,
          -0.39375460147857666,
          -0.14604711532592773,
          0.12332025915384293,
          0.5391814112663269
     ],
     "y_opt": [
          -0.8525295853614807,
          -1.0566400289535522,
          -0.9930163025856018,
          -1.0541253089904785,
          -0.4702736735343933,
          -0.7030500173568726,
          -0.519753098487854,
          -0.4827153980731964,
          -0.10565850138664246,
          -0.3108314275741577,
          -0.14366582036018372,
          -0.14255796372890472,
          0.13465964794158936,
          0.30053624510765076,
          0.11747259646654129,
          0.15213946998119354,
          0.6154940128326416,
          0.5424365997314453,
          0.6367363929748535,
          0.6053645014762878,
          0.9036648869514465,
          0.986852765083313,
          0.9571244120597839,
          1.0656282901763916
     ],
     "z_opt": [
          -0.004620793275535107,
          0.0063197556883096695,
          0.004668162204325199,
          0.010670042596757412,
          0.0025187779683619738,
          -0.004719494376331568,
          -0.004587614443153143,
          0.005505632609128952,
          0.00811159797012806,
          -0.0036157527938485146,
          -0.00370380119420588,
          0.0036854404024779797,
          -0.00013812378165312111,
          -0.005613464396446943,
          0.002710433444008231,
          -0.007387146353721619,
          -0.00536890747025609,
          0.006951592862606049,
          -0.003317662514746189,
          -0.009059712290763855,
          0.001988578587770462,
          -0.0017258861334994435,
          -0.0067423442378640175,
          0.005366435740143061
     ]
}