{
     "x_opt": [
          -0.9373480081558228,
          -0.47882047295570374,
          0.2078399658203125,
          0.9368678331375122,
          -0.9923783540725708,
          -0.2703666687011719,
          0.37439486384391785,
          1.1442047357559204,
          -0.8838748335838318,
          -0.45789220929145813,
          0.48166006803512573,
          1.2709636688232422,
          -1.126488208770752,
          -0.3702414631843567,
          0.4290871024131775,
          1.0934139490127563,
          -1.306015968322754,
          -0.47355273365974426,
          0.4146377742290497,
          0.9302359819412231,
          -1.0197317600250244,
          -0.26591891050338745,
          0.24610942602157593,
          1.1403048038482666
     ],
     "y_opt": [
          -1.1553136110305786,
          -1.089612603187561,
          -1.1041069030761719,
          -0.9401472210884094,
          -0.5633058547973633,
          -0.6992979645729065,
          -0.5683512091636658,
          -0.6966256499290466,
          -0.30057528614997864,
          -0.18947763741016388,
          -0.29403162002563477,
          -0.19643670320510864,
          0.18894928693771362,
          0.24578997492790222,
          0.36048564314842224,
          0.15795357525348663,
          0.7326914072036743,
          0.5461364984512329,
          0.7786794304847717,
          0.7177745699882507,
          0.9985527396202087,
          1.0967670679092407,
          1.03497314453125,
          1.0177092552185059
     ],
     "z_opt": [
          0.0,
          0.0,
          0.0,
          0.0,
          0.0,
          0.0,
          0.0,
          0.0,
          0.0,
          0.0,
          0.0,
          0.0,
          0.0,
          0.0,
          0.0,
          0.0,
          0.0,
          0.0,
          0.0,
          0.0,
          0.0,
          0.0,
          0.0,
          0.0
     ]
}