{
     "x_opt": [
          -1.0911929607391357,
          -0.5577909350395203,
          0.11897473782300949,
          1.1312249898910522,
          -0.9817104339599609,
          -0.20020391047000885,
          0.5699984431266785,
          0.9239128828048706,
          -0.8851930499076843,
          -0.2884243130683899,
          0.4369024634361267,
          1.1538002490997314,
          -1.151577115058899,
          -0.46914246678352356,
          0.11570179462432861,
          0.9336460828781128,
          -1.0041656494140625,
          -0.5372994542121887,
          0.5387921929359436,
          1.119877815246582,
          -0.9684856534004211,
          -0.18288853764533997,
          0.19263625144958496,
          1.0885558128356934
     ],
     "y_opt": [
          -1.1291484832763672,
          -1.0836153030395508,
          -1.071033000946045,
          -1.0477235317230225,
          -0.5723132491111755,
          -0.8009198307991028,
          -0.5599955916404724,
          -0.5259749293327332,
          -0.18660742044448853,
          -0.26926177740097046,
          -0.1789255142211914,
          -0.3027418851852417,
          0.21501436829566956,
          0.34038540720939636,
          0.184946671128273,
          0.16269992291927338,
          0.4879209101200104,
          0.6641305088996887,
          0.5683404207229614,
          0.5664566159248352,
          0.877800464630127,
          0.8294730186462402,
          1.1653823852539062,
          1.0053048133850098
     ],
     "z_opt": [
          0.006877976469695568,
          0.003107053227722645,
          0.0026328316889703274,
          -0.004795385990291834,
          0.005378546193242073,
          0.0016145127592608333,
          0.00030734617030248046,
          -0.004062090069055557,
          -0.004693063907325268,
          -0.0023327614180743694,
          -0.002263540169224143,
          0.0016399724408984184,
          0.008040557615458965,
          0.005499671678990126,
          0.0008917735540308058,
          -0.004574654623866081,
          -0.0013098418712615967,
          0.0003955077554564923,
          0.0003021128650289029,
          -0.0019350635120645165,
          -0.003938185982406139,
          -0.0022357788402587175,
          0.004937793128192425,
          -0.0006583189824596047
     ]
}