{
     "x_opt": [
          -0.9517873525619507,
          -0.4052518308162689,
          0.23881004750728607,
          1.0979617834091187,
          -1.2336231470108032,
          -0.2385147213935852,
          0.21851535141468048,
          0.9393742680549622,
          -0.8515428900718689,
          -0.26007336378097534,
          0.23735354840755463,
          0.9812451601028442,
          -1.2021352052688599,
          -0.3578875958919525,
          0.4805302023887634,
          1.1158936023712158,
          -1.0700596570968628,
          -0.15762634575366974,
          0.5245378017425537,
          0.8047834634780884,
          -1.3213262557983398,
          -0.21253173053264618,
          0.4494253098964691,
          0.8270382881164551
     ],
     "y_opt": [
          -0.8744929432868958,
          -0.9379726648330688,
          -1.205013632774353,
          -0.9062570333480835,
          -0.6387609839439392,
          -0.7108448147773743,
          -0.548882782459259,
          -0.5960986614227295,
          -0.17561529576778412,
          -0.3385241627693176,
          -0.24239587783813477,
          -0.19482995569705963,
          0.15608394145965576,
          0.22907693684101105,
          0.0836973488330841,
          0.12689340114593506,
          0.6322689652442932,
          0.6073669791221619,
          0.49032658338546753,
          0.7033438086509705,
          1.0489758253097534,
          1.1284427642822266,
          0.8902220726013184,
          0.9483646750450134
     ],
     "z_opt": [
          -0.024940015748143196,
          0.001369943143799901,
          0.007073747925460339,
          -0.010839289054274559,
          0.0041963886469602585,
          0.006117281038314104,
          0.005549559835344553,
          0.008842444978654385,
          -0.0030724366661161184,
          0.019167639315128326,
          0.005957840941846371,
          -0.020561715587973595,
          -0.018315864726901054,
          -0.008624622598290443,
          -0.01843593828380108,
          -0.0034031991381198168,
          0.018466433510184288,
          0.02279118075966835,
          -0.01069039385765791,
          0.012473303824663162,
          0.005518327932804823,
          -0.0011096716625615954,
          -0.0006082442123442888,
          -0.032176095992326736
     ]
}